{
  "title": "Settings",
  "uri": "/mqtt_setting",
  "menu": true,
  "element": [
    {
      "name": "style",
      "type": "ACStyle",
      "value": "label+input,label+select{position:sticky;left:120px;width:230px!important;box-sizing:border-box;}"
    },
    {
      "name": "header",
      "type": "ACText",
      "value": "<h2>System Settings</h2>",
      "style": "text-align:center;color:#2f4f4f;"
    },
    {
      "name": "caption",
      "type": "ACText",
      "value": "MQTT and Other Settings",
      "style": "font-family:serif;color:#4682b4;"
    },
    {
      "name": "mqttserver",
      "type": "ACInput",
      "value": "mqtt.thingspeak.com",
      "placeholder": "MQTT broker server",
      "label": "MQTT Server"
    },
    {
      "name": "userkey",
      "type": "ACInput",
      "value": "",
      "label": "MQTT Username"
    },
    {
      "name": "apikey",
      "type": "ACInput",
      "value": "",
      "label": "MQTT Password"
    },
    {
      "name": "channelid",
      "type": "ACInput",
      "value": "",
      "label": "Channel ID"
    },
    {
      "name": "newline",
      "type": "ACElement",
      "value": "<hr>"
    },
    {
      "name": "period",
      "type": "ACRadio",
      "label": "<h2>Sensor Settings</h2>",
      "value": [
        "Vibration",
        "Current"
      ],
      "arrange": "vertical",
      "checked": 1
    },
    {
      "name": "ampSensorType",
      "type": "ACRadio",
      "label": "<h3>Which Amp Sensor</h3>",
      "value": [
        "10 Amp",
        "30 Amp"
      ],
      "arrange": "vertical",
      "checked": 1
    },
    {
      "name": "tempUnits",
      "type": "ACRadio",
      "label": "<h3>Temperature Units</h3>",
      "value": [
        "C",
        "F"
      ],
      "arrange": "vertical",
      "checked": 1
    },
    {
      "name": "newline3",
      "type": "ACElement",
      "value": "<hr>"
    },
    {
      "name": "vibSValue",
      "type": "ACText",
      "value": "0",
      "style": "font-family:serif;color:#4682b4;"
    },
    {
      "name": "curSValue",
      "type": "ACText",
      "value": "0",
      "style": "font-family:serif;color:#4682b4;"
    },
    {
      "name": "refresh",
      "type": "ACButton",
      "value": "Refresh Sensors",
      "action": "refreshP()",
      "posterior": "none"
    },
    {
      "name": "newline4",
      "type": "ACElement",
      "value": "<br>"
    },
    {
      "name": "minActiveValue",
      "type": "ACInput",
      "label": "Minimum Active Value",
      "value": "270"
    },
    {
      "name": "js",
      "type": "ACElement",
      "value": "<script type='text/javascript'>function refreshP() {document.location.reload(true);}</script>"
    },
    {
      "name": "newline2",
      "type": "ACElement",
      "value": "<hr>"
    },
    {
      "name": "hostname",
      "type": "ACInput",
      "label": "ESP hostname(Device & AP Name)",
      "value": "OEE"
    },
    {
      "name": "apPass",
      "type": "ACInput",
      "label": "ESP AP Password",
      "value": "123456789AP"
    },
    {
      "name": "save",
      "type": "ACSubmit",
      "value": "Save&Start",
      "uri": "/mqtt_save"
    },
    {
      "name": "discard",
      "type": "ACSubmit",
      "value": "Discard",
      "uri": "/"
    }
  ]
}
